url,section,slug,risk_class,recommended_action,impressions_relevance_FILL_FROM_GSC
/goals/muscle-growth,goals,muscle-growth,dosing-protocol,"rewrite (strip administration → what-it-is/evidence) OR noindex if low-impression",
/goals/fat-loss,goals,fat-loss,dosing-protocol,"rewrite (strip administration → what-it-is/evidence) OR noindex if low-impression",
/goals/joint-recovery,goals,joint-recovery,dosing-protocol,"rewrite (strip administration → what-it-is/evidence) OR noindex if low-impression",
/goals/gut-health,goals,gut-health,dosing-protocol,"rewrite (strip administration → what-it-is/evidence) OR noindex if low-impression",
/goals/anti-aging,goals,anti-aging,dosing-protocol,"rewrite (strip administration → what-it-is/evidence) OR noindex if low-impression",
/goals/sleep-optimization,goals,sleep-optimization,dosing-protocol,"rewrite (strip administration → what-it-is/evidence) OR noindex if low-impression",
/goals/cognitive-performance,goals,cognitive-performance,dosing-protocol,"rewrite (strip administration → what-it-is/evidence) OR noindex if low-impression",
/goals/anxiety-reduction,goals,anxiety-reduction,dosing-protocol,"rewrite (strip administration → what-it-is/evidence) OR noindex if low-impression",
/goals/skin-health,goals,skin-health,dosing-protocol,"rewrite (strip administration → what-it-is/evidence) OR noindex if low-impression",
/goals/hair-growth,goals,hair-growth,benign,"keep",
/goals/longevity,goals,longevity,dosing-protocol,"rewrite (strip administration → what-it-is/evidence) OR noindex if low-impression",
/goals/body-recomposition,goals,body-recomposition,dosing-protocol,"rewrite (strip administration → what-it-is/evidence) OR noindex if low-impression",
/goals/injury-recovery,goals,injury-recovery,dosing-protocol,"rewrite (strip administration → what-it-is/evidence) OR noindex if low-impression",
/goals/energy,goals,energy,dosing-protocol,"rewrite (strip administration → what-it-is/evidence) OR noindex if low-impression",
/goals/libido,goals,libido,dosing-protocol,"rewrite (strip administration → what-it-is/evidence) OR noindex if low-impression",
/goals/inflammation,goals,inflammation,dosing-protocol,"rewrite (strip administration → what-it-is/evidence) OR noindex if low-impression",
/goals/metabolic-health,goals,metabolic-health,dosing-protocol,"rewrite (strip administration → what-it-is/evidence) OR noindex if low-impression",
/goals/muscle-recovery,goals,muscle-recovery,dosing-protocol,"rewrite (strip administration → what-it-is/evidence) OR noindex if low-impression",
/goals/bone-density,goals,bone-density,dosing-protocol,"rewrite (strip administration → what-it-is/evidence) OR noindex if low-impression",
/goals/wound-repair,goals,wound-repair,dosing-protocol,"rewrite (strip administration → what-it-is/evidence) OR noindex if low-impression",
/goals/immune-support,goals,immune-support,dosing-protocol,"rewrite (strip administration → what-it-is/evidence) OR noindex if low-impression",
/goals/neuroprotection,goals,neuroprotection,dosing-protocol,"rewrite (strip administration → what-it-is/evidence) OR noindex if low-impression",
/goals/cardiovascular-health,goals,cardiovascular-health,dosing-protocol,"rewrite (strip administration → what-it-is/evidence) OR noindex if low-impression",
/goals/blood-sugar-control,goals,blood-sugar-control,dosing-protocol,"rewrite (strip administration → what-it-is/evidence) OR noindex if low-impression",
/goals/vision-health,goals,vision-health,dosing-protocol,"rewrite (strip administration → what-it-is/evidence) OR noindex if low-impression",
/goals/hearing-support,goals,hearing-support,dosing-protocol,"rewrite (strip administration → what-it-is/evidence) OR noindex if low-impression",
/goals/nerve-regeneration,goals,nerve-regeneration,dosing-protocol,"rewrite (strip administration → what-it-is/evidence) OR noindex if low-impression",
/goals/cartilage-repair,goals,cartilage-repair,dosing-protocol,"rewrite (strip administration → what-it-is/evidence) OR noindex if low-impression",
/goals/muscle-endurance,goals,muscle-endurance,dosing-protocol,"rewrite (strip administration → what-it-is/evidence) OR noindex if low-impression",
/goals/sprint-performance,goals,sprint-performance,dosing-protocol,"rewrite (strip administration → what-it-is/evidence) OR noindex if low-impression",
/goals/vo2-max,goals,vo2-max,dosing-protocol,"rewrite (strip administration → what-it-is/evidence) OR noindex if low-impression",
/goals/focus-and-concentration,goals,focus-and-concentration,dosing-protocol,"rewrite (strip administration → what-it-is/evidence) OR noindex if low-impression",
/goals/memory-retention,goals,memory-retention,dosing-protocol,"rewrite (strip administration → what-it-is/evidence) OR noindex if low-impression",
/goals/verbal-fluency,goals,verbal-fluency,dosing-protocol,"rewrite (strip administration → what-it-is/evidence) OR noindex if low-impression",
/goals/stress-resilience,goals,stress-resilience,dosing-protocol,"rewrite (strip administration → what-it-is/evidence) OR noindex if low-impression",
/goals/mood-elevation,goals,mood-elevation,dosing-protocol,"rewrite (strip administration → what-it-is/evidence) OR noindex if low-impression",
/goals/social-anxiety,goals,social-anxiety,dosing-protocol,"rewrite (strip administration → what-it-is/evidence) OR noindex if low-impression",
/goals/ptsd-support,goals,ptsd-support,dosing-protocol,"rewrite (strip administration → what-it-is/evidence) OR noindex if low-impression",
/goals/collagen-production,goals,collagen-production,dosing-protocol,"rewrite (strip administration → what-it-is/evidence) OR noindex if low-impression",
/goals/elastin-production,goals,elastin-production,dosing-protocol,"rewrite (strip administration → what-it-is/evidence) OR noindex if low-impression",
/goals/sun-damage-repair,goals,sun-damage-repair,dosing-protocol,"rewrite (strip administration → what-it-is/evidence) OR noindex if low-impression",
/goals/scar-reduction,goals,scar-reduction,dosing-protocol,"rewrite (strip administration → what-it-is/evidence) OR noindex if low-impression",
/goals/hyperpigmentation,goals,hyperpigmentation,dosing-protocol,"rewrite (strip administration → what-it-is/evidence) OR noindex if low-impression",
/goals/nail-health,goals,nail-health,dosing-protocol,"rewrite (strip administration → what-it-is/evidence) OR noindex if low-impression",
/goals/gut-motility,goals,gut-motility,dosing-protocol,"rewrite (strip administration → what-it-is/evidence) OR noindex if low-impression",
/goals/microbiome-diversity,goals,microbiome-diversity,dosing-protocol,"rewrite (strip administration → what-it-is/evidence) OR noindex if low-impression",
/goals/gastric-ulcer-healing,goals,gastric-ulcer-healing,dosing-protocol,"rewrite (strip administration → what-it-is/evidence) OR noindex if low-impression",
/goals/ibd-support,goals,ibd-support,dosing-protocol,"rewrite (strip administration → what-it-is/evidence) OR noindex if low-impression",
/goals/muscle-recovery-women,goals,muscle-recovery-women,dosing-protocol,"rewrite (strip administration → what-it-is/evidence) OR noindex if low-impression",
/goals/fat-loss-men-over-40,goals,fat-loss-men-over-40,dosing-protocol,"rewrite (strip administration → what-it-is/evidence) OR noindex if low-impression",
/goals/joint-pain-runners,goals,joint-pain-runners,dosing-protocol,"rewrite (strip administration → what-it-is/evidence) OR noindex if low-impression",
/goals/gut-health-athletes,goals,gut-health-athletes,dosing-protocol,"rewrite (strip administration → what-it-is/evidence) OR noindex if low-impression",
/goals/anti-aging-skin-care,goals,anti-aging-skin-care,dosing-protocol,"rewrite (strip administration → what-it-is/evidence) OR noindex if low-impression",
/goals/post-surgery-recovery,goals,post-surgery-recovery,dosing-protocol,"rewrite (strip administration → what-it-is/evidence) OR noindex if low-impression",
/goals/burn-healing,goals,burn-healing,dosing-protocol,"rewrite (strip administration → what-it-is/evidence) OR noindex if low-impression",
/goals/bone-fracture-healing,goals,bone-fracture-healing,dosing-protocol,"rewrite (strip administration → what-it-is/evidence) OR noindex if low-impression",
/goals/concussion-recovery,goals,concussion-recovery,dosing-protocol,"rewrite (strip administration → what-it-is/evidence) OR noindex if low-impression",
/goals/stroke-recovery,goals,stroke-recovery,dosing-protocol,"rewrite (strip administration → what-it-is/evidence) OR noindex if low-impression",
/goals/body-recomposition,goals,body-recomposition,dosing-protocol,"rewrite (strip administration → what-it-is/evidence) OR noindex if low-impression",
/goals/immune-function,goals,immune-function,dosing-protocol,"rewrite (strip administration → what-it-is/evidence) OR noindex if low-impression",
/goals/hormone-balance,goals,hormone-balance,dosing-protocol,"rewrite (strip administration → what-it-is/evidence) OR noindex if low-impression",
/goals/focus,goals,focus,dosing-protocol,"rewrite (strip administration → what-it-is/evidence) OR noindex if low-impression",
/goals/bodybuilding-performance,goals,bodybuilding-performance,dosing-protocol,"rewrite (strip administration → what-it-is/evidence) OR noindex if low-impression",
/goals/cognitive-performance,goals,cognitive-performance,dosing-protocol,"rewrite (strip administration → what-it-is/evidence) OR noindex if low-impression",
/goals/muscle-recovery,goals,muscle-recovery,dosing-protocol,"rewrite (strip administration → what-it-is/evidence) OR noindex if low-impression",
/goals/anxiety-reduction,goals,anxiety-reduction,dosing-protocol,"rewrite (strip administration → what-it-is/evidence) OR noindex if low-impression",
/goals/joint-recovery,goals,joint-recovery,dosing-protocol,"rewrite (strip administration → what-it-is/evidence) OR noindex if low-impression",
/goals/gut-health,goals,gut-health,dosing-protocol,"rewrite (strip administration → what-it-is/evidence) OR noindex if low-impression",
/goals/injury-recovery,goals,injury-recovery,dosing-protocol,"rewrite (strip administration → what-it-is/evidence) OR noindex if low-impression",
/goals/fat-loss,goals,fat-loss,dosing-protocol,"rewrite (strip administration → what-it-is/evidence) OR noindex if low-impression",
/goals/memory,goals,memory,dosing-protocol,"rewrite (strip administration → what-it-is/evidence) OR noindex if low-impression",
/goals/metabolic-health,goals,metabolic-health,dosing-protocol,"rewrite (strip administration → what-it-is/evidence) OR noindex if low-impression",
/goals/recovery,goals,recovery,dosing-protocol,"rewrite (strip administration → what-it-is/evidence) OR noindex if low-impression",
/goals/skin-health,goals,skin-health,dosing-protocol,"rewrite (strip administration → what-it-is/evidence) OR noindex if low-impression",
/stacks/recovery-stack,stacks,recovery-stack,dosing-protocol,"rewrite (strip administration → what-it-is/evidence) OR noindex if low-impression",
/stacks/gh-optimization-stack,stacks,gh-optimization-stack,dosing-protocol,"rewrite (strip administration → what-it-is/evidence) OR noindex if low-impression",
/stacks/anti-aging-stack,stacks,anti-aging-stack,dosing-protocol,"rewrite (strip administration → what-it-is/evidence) OR noindex if low-impression",
/stacks/metabolic-stack,stacks,metabolic-stack,dosing-protocol,"rewrite (strip administration → what-it-is/evidence) OR noindex if low-impression",
/stacks/cognitive-stack,stacks,cognitive-stack,dosing-protocol,"rewrite (strip administration → what-it-is/evidence) OR noindex if low-impression",
/stacks/wolverine-stack,stacks,wolverine-stack,dosing-protocol,"rewrite (strip administration → what-it-is/evidence) OR noindex if low-impression",
/stacks/fat-loss-stack,stacks,fat-loss-stack,dosing-protocol,"rewrite (strip administration → what-it-is/evidence) OR noindex if low-impression",
/stacks/mitochondrial-stack,stacks,mitochondrial-stack,dosing-protocol,"rewrite (strip administration → what-it-is/evidence) OR noindex if low-impression",
/stacks/sleep-stack,stacks,sleep-stack,dosing-protocol,"rewrite (strip administration → what-it-is/evidence) OR noindex if low-impression",
/stacks/gut-support-stack,stacks,gut-support-stack,dosing-protocol,"rewrite (strip administration → what-it-is/evidence) OR noindex if low-impression",
/stacks/brain-fog-stack,stacks,brain-fog-stack,dosing-protocol,"rewrite (strip administration → what-it-is/evidence) OR noindex if low-impression",
/stacks/libido-stack,stacks,libido-stack,dosing-protocol,"rewrite (strip administration → what-it-is/evidence) OR noindex if low-impression",
/stacks/immune-defense-stack,stacks,immune-defense-stack,dosing-protocol,"rewrite (strip administration → what-it-is/evidence) OR noindex if low-impression",
/stacks/nerve-repair-stack,stacks,nerve-repair-stack,dosing-protocol,"rewrite (strip administration → what-it-is/evidence) OR noindex if low-impression",
/stacks/skin-health-stack,stacks,skin-health-stack,dosing-protocol,"rewrite (strip administration → what-it-is/evidence) OR noindex if low-impression",
/stacks/muscle-growth-stack,stacks,muscle-growth-stack,dosing-protocol,"rewrite (strip administration → what-it-is/evidence) OR noindex if low-impression",
/stacks/endurance-stack,stacks,endurance-stack,dosing-protocol,"rewrite (strip administration → what-it-is/evidence) OR noindex if low-impression",
/stacks/stress-resilience-stack,stacks,stress-resilience-stack,dosing-protocol,"rewrite (strip administration → what-it-is/evidence) OR noindex if low-impression",
/stacks/bodybuilding-stack,stacks,bodybuilding-stack,dosing-protocol,"rewrite (strip administration → what-it-is/evidence) OR noindex if low-impression",
/stacks/cardio-stack,stacks,cardio-stack,dosing-protocol,"rewrite (strip administration → what-it-is/evidence) OR noindex if low-impression",
/stacks/wound-healing-stack,stacks,wound-healing-stack,dosing-protocol,"rewrite (strip administration → what-it-is/evidence) OR noindex if low-impression",
/stacks/immune-boosting-stack,stacks,immune-boosting-stack,dosing-protocol,"rewrite (strip administration → what-it-is/evidence) OR noindex if low-impression",
/stacks/neurogenesis-stack,stacks,neurogenesis-stack,dosing-protocol,"rewrite (strip administration → what-it-is/evidence) OR noindex if low-impression",
/stacks/cardio-support-stack,stacks,cardio-support-stack,dosing-protocol,"rewrite (strip administration → what-it-is/evidence) OR noindex if low-impression",
/stacks/blood-sugar-stack,stacks,blood-sugar-stack,dosing-protocol,"rewrite (strip administration → what-it-is/evidence) OR noindex if low-impression",
/stacks/vision-support-stack,stacks,vision-support-stack,dosing-protocol,"rewrite (strip administration → what-it-is/evidence) OR noindex if low-impression",
/stacks/womens-fat-loss-stack,stacks,womens-fat-loss-stack,dosing-protocol,"rewrite (strip administration → what-it-is/evidence) OR noindex if low-impression",
/stacks/mens-vitality-stack,stacks,mens-vitality-stack,dosing-protocol,"rewrite (strip administration → what-it-is/evidence) OR noindex if low-impression",
/stacks/runners-recovery-stack,stacks,runners-recovery-stack,dosing-protocol,"rewrite (strip administration → what-it-is/evidence) OR noindex if low-impression",
/stacks/bodybuilders-bulking-stack,stacks,bodybuilders-bulking-stack,dosing-protocol,"rewrite (strip administration → what-it-is/evidence) OR noindex if low-impression",
/stacks/executives-focus-stack,stacks,executives-focus-stack,dosing-protocol,"rewrite (strip administration → what-it-is/evidence) OR noindex if low-impression",
/stacks/post-surgery-stack,stacks,post-surgery-stack,dosing-protocol,"rewrite (strip administration → what-it-is/evidence) OR noindex if low-impression",
/stacks/concussion-protocol-stack,stacks,concussion-protocol-stack,dosing-protocol,"rewrite (strip administration → what-it-is/evidence) OR noindex if low-impression",
/stacks/hair-regrowth-stack,stacks,hair-regrowth-stack,dosing-protocol,"rewrite (strip administration → what-it-is/evidence) OR noindex if low-impression",
/stacks/skin-glow-stack,stacks,skin-glow-stack,dosing-protocol,"rewrite (strip administration → what-it-is/evidence) OR noindex if low-impression",
/stacks/deep-sleep-stack,stacks,deep-sleep-stack,dosing-protocol,"rewrite (strip administration → what-it-is/evidence) OR noindex if low-impression",
/stacks/injury-recovery-stack-advanced,stacks,injury-recovery-stack-advanced,dosing-protocol,"rewrite (strip administration → what-it-is/evidence) OR noindex if low-impression",
/stacks/gh-secretagogue-complete-stack,stacks,gh-secretagogue-complete-stack,dosing-protocol,"rewrite (strip administration → what-it-is/evidence) OR noindex if low-impression",
/stacks/cognitive-enhancement-stack,stacks,cognitive-enhancement-stack,dosing-protocol,"rewrite (strip administration → what-it-is/evidence) OR noindex if low-impression",
/stacks/gut-healing-restoration-stack,stacks,gut-healing-restoration-stack,dosing-protocol,"rewrite (strip administration → what-it-is/evidence) OR noindex if low-impression",
/stacks/bodybuilding-prep-stack,stacks,bodybuilding-prep-stack,dosing-protocol,"rewrite (strip administration → what-it-is/evidence) OR noindex if low-impression",
/stacks/longevity-comprehensive-stack,stacks,longevity-comprehensive-stack,dosing-protocol,"rewrite (strip administration → what-it-is/evidence) OR noindex if low-impression",
/stacks/sleep-recovery-optimization-stack,stacks,sleep-recovery-optimization-stack,dosing-protocol,"rewrite (strip administration → what-it-is/evidence) OR noindex if low-impression",
/stacks/metabolic-health-weight-loss-stack,stacks,metabolic-health-weight-loss-stack,dosing-protocol,"rewrite (strip administration → what-it-is/evidence) OR noindex if low-impression",
/stacks/inflammation-pain-management-stack,stacks,inflammation-pain-management-stack,dosing-protocol,"rewrite (strip administration → what-it-is/evidence) OR noindex if low-impression",
/stacks/skin-hair-regeneration-stack,stacks,skin-hair-regeneration-stack,dosing-protocol,"rewrite (strip administration → what-it-is/evidence) OR noindex if low-impression",
/stacks/hormone-axis-support-stack,stacks,hormone-axis-support-stack,dosing-protocol,"rewrite (strip administration → what-it-is/evidence) OR noindex if low-impression",
/stacks/endurance-athlete-recovery-stack,stacks,endurance-athlete-recovery-stack,dosing-protocol,"rewrite (strip administration → what-it-is/evidence) OR noindex if low-impression",
/stacks/stress-resilience-adaptogen-stack,stacks,stress-resilience-adaptogen-stack,dosing-protocol,"rewrite (strip administration → what-it-is/evidence) OR noindex if low-impression",
/stacks/post-surgical-recovery-stack,stacks,post-surgical-recovery-stack,dosing-protocol,"rewrite (strip administration → what-it-is/evidence) OR noindex if low-impression",
/stacks/immune-boost-recovery-stack,stacks,immune-boost-recovery-stack,dosing-protocol,"rewrite (strip administration → what-it-is/evidence) OR noindex if low-impression",
/stacks/mitochondrial-energy-stack,stacks,mitochondrial-energy-stack,dosing-protocol,"rewrite (strip administration → what-it-is/evidence) OR noindex if low-impression",
/stacks/connective-tissue-joint-stack,stacks,connective-tissue-joint-stack,dosing-protocol,"rewrite (strip administration → what-it-is/evidence) OR noindex if low-impression",
/stacks/fat-loss-metabolic-ignition-stack,stacks,fat-loss-metabolic-ignition-stack,dosing-protocol,"rewrite (strip administration → what-it-is/evidence) OR noindex if low-impression",
/stacks/recovery-stack-everyday-active,stacks,recovery-stack-everyday-active,dosing-protocol,"rewrite (strip administration → what-it-is/evidence) OR noindex if low-impression",
/stacks/libido-desire-optimization-stack,stacks,libido-desire-optimization-stack,dosing-protocol,"rewrite (strip administration → what-it-is/evidence) OR noindex if low-impression",
/guides/how-to-reconstitute-peptides,guides,how-to-reconstitute-peptides,dosing-protocol,"rewrite (strip administration → what-it-is/evidence) OR noindex if low-impression",
/guides/how-to-inject-peptides-subcutaneously,guides,how-to-inject-peptides-subcutaneously,dosing-protocol,"rewrite (strip administration → what-it-is/evidence) OR noindex if low-impression",
/guides/how-to-calculate-peptide-dosage,guides,how-to-calculate-peptide-dosage,dosing-protocol,"rewrite (strip administration → what-it-is/evidence) OR noindex if low-impression",
/guides/how-to-store-peptides,guides,how-to-store-peptides,dosing-protocol,"rewrite (strip administration → what-it-is/evidence) OR noindex if low-impression",
/guides/how-to-use-bpc-157-for-gut-healing,guides,how-to-use-bpc-157-for-gut-healing,dosing-protocol,"rewrite (strip administration → what-it-is/evidence) OR noindex if low-impression",
/guides/how-to-inject-subcutaneously,guides,how-to-inject-subcutaneously,dosing-protocol,"rewrite (strip administration → what-it-is/evidence) OR noindex if low-impression",
/guides/how-to-use-ipamorelin,guides,how-to-use-ipamorelin,dosing-protocol,"rewrite (strip administration → what-it-is/evidence) OR noindex if low-impression",
/guides/how-to-use-sermorelin,guides,how-to-use-sermorelin,dosing-protocol,"rewrite (strip administration → what-it-is/evidence) OR noindex if low-impression",
/guides/how-to-use-tb-500,guides,how-to-use-tb-500,dosing-protocol,"rewrite (strip administration → what-it-is/evidence) OR noindex if low-impression",
/guides/how-to-use-nad-plus,guides,how-to-use-nad-plus,dosing-protocol,"rewrite (strip administration → what-it-is/evidence) OR noindex if low-impression",
/guides/how-to-use-ghk-cu,guides,how-to-use-ghk-cu,dosing-protocol,"rewrite (strip administration → what-it-is/evidence) OR noindex if low-impression",
/guides/how-to-use-epithalon,guides,how-to-use-epithalon,dosing-protocol,"rewrite (strip administration → what-it-is/evidence) OR noindex if low-impression",
/guides/how-to-use-pt-141,guides,how-to-use-pt-141,dosing-protocol,"rewrite (strip administration → what-it-is/evidence) OR noindex if low-impression",
/guides/how-to-use-cjc-1295,guides,how-to-use-cjc-1295,dosing-protocol,"rewrite (strip administration → what-it-is/evidence) OR noindex if low-impression",
/guides/how-to-use-semaglutide,guides,how-to-use-semaglutide,dosing-protocol,"rewrite (strip administration → what-it-is/evidence) OR noindex if low-impression",
/guides/how-to-use-tirzepatide,guides,how-to-use-tirzepatide,dosing-protocol,"rewrite (strip administration → what-it-is/evidence) OR noindex if low-impression",
/guides/how-to-use-melanotan-2,guides,how-to-use-melanotan-2,dosing-protocol,"rewrite (strip administration → what-it-is/evidence) OR noindex if low-impression",
/guides/how-to-use-thymosin-alpha-1,guides,how-to-use-thymosin-alpha-1,dosing-protocol,"rewrite (strip administration → what-it-is/evidence) OR noindex if low-impression",
/guides/how-to-read-a-peptide-coa,guides,how-to-read-a-peptide-coa,dosing-protocol,"rewrite (strip administration → what-it-is/evidence) OR noindex if low-impression",
/guides/how-to-choose-a-peptide-vendor,guides,how-to-choose-a-peptide-vendor,benign,"keep",
/guides/how-to-build-a-peptide-stack,guides,how-to-build-a-peptide-stack,dosing-protocol,"rewrite (strip administration → what-it-is/evidence) OR noindex if low-impression",
/guides/how-to-cycle-peptides,guides,how-to-cycle-peptides,dosing-protocol,"rewrite (strip administration → what-it-is/evidence) OR noindex if low-impression",
/guides/how-to-use-peptides-for-fat-loss,guides,how-to-use-peptides-for-fat-loss,dosing-protocol,"rewrite (strip administration → what-it-is/evidence) OR noindex if low-impression",
/guides/how-to-use-peptides-for-muscle-growth,guides,how-to-use-peptides-for-muscle-growth,dosing-protocol,"rewrite (strip administration → what-it-is/evidence) OR noindex if low-impression",
/guides/how-to-use-peptides-for-sleep,guides,how-to-use-peptides-for-sleep,dosing-protocol,"rewrite (strip administration → what-it-is/evidence) OR noindex if low-impression",
/guides/how-to-use-peptides-for-anti-aging,guides,how-to-use-peptides-for-anti-aging,dosing-protocol,"rewrite (strip administration → what-it-is/evidence) OR noindex if low-impression",
/guides/how-to-use-peptides-for-injury-recovery,guides,how-to-use-peptides-for-injury-recovery,dosing-protocol,"rewrite (strip administration → what-it-is/evidence) OR noindex if low-impression",
/guides/bpc-157-dosage-protocol,guides,bpc-157-dosage-protocol,dosing-protocol,"rewrite (strip administration → what-it-is/evidence) OR noindex if low-impression",
/guides/subcutaneous-vs-intramuscular-injections,guides,subcutaneous-vs-intramuscular-injections,dosing-protocol,"rewrite (strip administration → what-it-is/evidence) OR noindex if low-impression",
/guides/oral-vs-injectable-peptides,guides,oral-vs-injectable-peptides,dosing-protocol,"rewrite (strip administration → what-it-is/evidence) OR noindex if low-impression",
/guides/best-time-to-take-gh-peptides,guides,best-time-to-take-gh-peptides,dosing-protocol,"rewrite (strip administration → what-it-is/evidence) OR noindex if low-impression",
/guides/fasting-and-peptides,guides,fasting-and-peptides,dosing-protocol,"rewrite (strip administration → what-it-is/evidence) OR noindex if low-impression",
/guides/peptide-half-lives-dosing-frequency,guides,peptide-half-lives-dosing-frequency,dosing-protocol,"rewrite (strip administration → what-it-is/evidence) OR noindex if low-impression",
/guides/how-to-use-peptides-for-immune-support,guides,how-to-use-peptides-for-immune-support,dosing-protocol,"rewrite (strip administration → what-it-is/evidence) OR noindex if low-impression",
/guides/how-to-use-peptides-for-metabolic-health,guides,how-to-use-peptides-for-metabolic-health,dosing-protocol,"rewrite (strip administration → what-it-is/evidence) OR noindex if low-impression",
/guides/how-to-use-tesamorelin,guides,how-to-use-tesamorelin,dosing-protocol,"rewrite (strip administration → what-it-is/evidence) OR noindex if low-impression",
/guides/how-to-use-aod-9604,guides,how-to-use-aod-9604,dosing-protocol,"rewrite (strip administration → what-it-is/evidence) OR noindex if low-impression",
/guides/how-to-use-kisspeptin,guides,how-to-use-kisspeptin,dosing-protocol,"rewrite (strip administration → what-it-is/evidence) OR noindex if low-impression",
/guides/how-to-use-dsip,guides,how-to-use-dsip,dosing-protocol,"rewrite (strip administration → what-it-is/evidence) OR noindex if low-impression",
/guides/how-to-use-cerebrolysin,guides,how-to-use-cerebrolysin,dosing-protocol,"rewrite (strip administration → what-it-is/evidence) OR noindex if low-impression",
/guides/how-to-use-dihexa,guides,how-to-use-dihexa,dosing-protocol,"rewrite (strip administration → what-it-is/evidence) OR noindex if low-impression",
/guides/how-to-use-ll-37,guides,how-to-use-ll-37,dosing-protocol,"rewrite (strip administration → what-it-is/evidence) OR noindex if low-impression",
/guides/how-to-use-melanotan-1,guides,how-to-use-melanotan-1,dosing-protocol,"rewrite (strip administration → what-it-is/evidence) OR noindex if low-impression",
/guides/how-to-use-snap-8,guides,how-to-use-snap-8,benign,"keep",
/guides/how-to-use-argireline,guides,how-to-use-argireline,benign,"keep",
/guides/how-to-use-humanin,guides,how-to-use-humanin,dosing-protocol,"rewrite (strip administration → what-it-is/evidence) OR noindex if low-impression",
/guides/how-to-use-mots-c,guides,how-to-use-mots-c,dosing-protocol,"rewrite (strip administration → what-it-is/evidence) OR noindex if low-impression",
/guides/how-to-use-foxo4-dri,guides,how-to-use-foxo4-dri,dosing-protocol,"rewrite (strip administration → what-it-is/evidence) OR noindex if low-impression",
/guides/how-to-use-ss-31,guides,how-to-use-ss-31,dosing-protocol,"rewrite (strip administration → what-it-is/evidence) OR noindex if low-impression",
/guides/how-to-use-vip,guides,how-to-use-vip,dosing-protocol,"rewrite (strip administration → what-it-is/evidence) OR noindex if low-impression",
/guides/how-to-use-kpv,guides,how-to-use-kpv,dosing-protocol,"rewrite (strip administration → what-it-is/evidence) OR noindex if low-impression",
/guides/how-to-use-ara-290,guides,how-to-use-ara-290,dosing-protocol,"rewrite (strip administration → what-it-is/evidence) OR noindex if low-impression",
/guides/how-to-use-peg-mgf,guides,how-to-use-peg-mgf,dosing-protocol,"rewrite (strip administration → what-it-is/evidence) OR noindex if low-impression",
/guides/how-to-use-igf-1-lr3,guides,how-to-use-igf-1-lr3,dosing-protocol,"rewrite (strip administration → what-it-is/evidence) OR noindex if low-impression",
/guides/how-to-use-glutathione,guides,how-to-use-glutathione,dosing-protocol,"rewrite (strip administration → what-it-is/evidence) OR noindex if low-impression",
/guides/how-to-use-rapamycin,guides,how-to-use-rapamycin,dosing-protocol,"rewrite (strip administration → what-it-is/evidence) OR noindex if low-impression",
/guides/how-to-use-ldn,guides,how-to-use-ldn,dosing-protocol,"rewrite (strip administration → what-it-is/evidence) OR noindex if low-impression",
/guides/how-to-use-metformin-for-longevity,guides,how-to-use-metformin-for-longevity,dosing-protocol,"rewrite (strip administration → what-it-is/evidence) OR noindex if low-impression",
/guides/how-to-travel-with-peptides,guides,how-to-travel-with-peptides,dosing-protocol,"rewrite (strip administration → what-it-is/evidence) OR noindex if low-impression",
/guides/how-to-dispose-of-syringes,guides,how-to-dispose-of-syringes,dosing-protocol,"rewrite (strip administration → what-it-is/evidence) OR noindex if low-impression",
/guides/how-to-manage-injection-site-reactions,guides,how-to-manage-injection-site-reactions,dosing-protocol,"rewrite (strip administration → what-it-is/evidence) OR noindex if low-impression",
/guides/how-to-measure-peptide-progress,guides,how-to-measure-peptide-progress,benign,"keep",
/guides/how-to-transition-off-peptides,guides,how-to-transition-off-peptides,benign,"keep",
/guides/how-to-stack-peptides-safely,guides,how-to-stack-peptides-safely,dosing-protocol,"rewrite (strip administration → what-it-is/evidence) OR noindex if low-impression",
/guides/how-to-find-a-peptide-doctor,guides,how-to-find-a-peptide-doctor,benign,"keep",
/guides/how-to-store-reconstituted-peptides,guides,how-to-store-reconstituted-peptides,dosing-protocol,"rewrite (strip administration → what-it-is/evidence) OR noindex if low-impression",
/guides/how-to-travel-with-refrigerated-peptides,guides,how-to-travel-with-refrigerated-peptides,dosing-protocol,"rewrite (strip administration → what-it-is/evidence) OR noindex if low-impression",
/guides/how-to-inject-intramuscularly,guides,how-to-inject-intramuscularly,dosing-protocol,"rewrite (strip administration → what-it-is/evidence) OR noindex if low-impression",
/guides/how-to-calculate-mcg-to-mg,guides,how-to-calculate-mcg-to-mg,dosing-protocol,"rewrite (strip administration → what-it-is/evidence) OR noindex if low-impression",
/guides/how-to-spot-fake-peptides,guides,how-to-spot-fake-peptides,dosing-protocol,"rewrite (strip administration → what-it-is/evidence) OR noindex if low-impression",
/guides/how-to-use-peptides-for-pets,guides,how-to-use-peptides-for-pets,dosing-protocol,"rewrite (strip administration → what-it-is/evidence) OR noindex if low-impression",
/guides/how-to-talk-to-your-doctor-about-peptides,guides,how-to-talk-to-your-doctor-about-peptides,benign,"keep",
/guides/how-to-use-peptides-for-crossfit-training,guides,how-to-use-peptides-for-crossfit-training,dosing-protocol,"rewrite (strip administration → what-it-is/evidence) OR noindex if low-impression",
/guides/how-to-use-peptides-for-bjj-martial-arts,guides,how-to-use-peptides-for-bjj-martial-arts,dosing-protocol,"rewrite (strip administration → what-it-is/evidence) OR noindex if low-impression",
/guides/how-to-use-peptides-for-marathon-running,guides,how-to-use-peptides-for-marathon-running,dosing-protocol,"rewrite (strip administration → what-it-is/evidence) OR noindex if low-impression",
/guides/how-to-use-peptides-for-powerlifting,guides,how-to-use-peptides-for-powerlifting,dosing-protocol,"rewrite (strip administration → what-it-is/evidence) OR noindex if low-impression",
/guides/how-to-use-peptides-for-bodybuilding,guides,how-to-use-peptides-for-bodybuilding,dosing-protocol,"rewrite (strip administration → what-it-is/evidence) OR noindex if low-impression",
/guides/how-to-use-peptides-for-endurance-sports,guides,how-to-use-peptides-for-endurance-sports,dosing-protocol,"rewrite (strip administration → what-it-is/evidence) OR noindex if low-impression",
/guides/how-to-use-peptides-for-swimming-performance,guides,how-to-use-peptides-for-swimming-performance,dosing-protocol,"rewrite (strip administration → what-it-is/evidence) OR noindex if low-impression",
/guides/how-to-use-peptides-for-cycling-performance,guides,how-to-use-peptides-for-cycling-performance,dosing-protocol,"rewrite (strip administration → what-it-is/evidence) OR noindex if low-impression",
/guides/how-to-use-peptides-for-strongman-training,guides,how-to-use-peptides-for-strongman-training,dosing-protocol,"rewrite (strip administration → what-it-is/evidence) OR noindex if low-impression",
/guides/how-to-use-peptides-for-olympic-weightlifting,guides,how-to-use-peptides-for-olympic-weightlifting,dosing-protocol,"rewrite (strip administration → what-it-is/evidence) OR noindex if low-impression",
/guides/how-to-use-peptides-for-wrestling,guides,how-to-use-peptides-for-wrestling,dosing-protocol,"rewrite (strip administration → what-it-is/evidence) OR noindex if low-impression",
/guides/how-to-use-peptides-for-soccer-performance,guides,how-to-use-peptides-for-soccer-performance,dosing-protocol,"rewrite (strip administration → what-it-is/evidence) OR noindex if low-impression",
/guides/how-to-use-peptides-for-basketball-performance,guides,how-to-use-peptides-for-basketball-performance,dosing-protocol,"rewrite (strip administration → what-it-is/evidence) OR noindex if low-impression",
/guides/how-to-use-peptides-for-rugby-performance,guides,how-to-use-peptides-for-rugby-performance,dosing-protocol,"rewrite (strip administration → what-it-is/evidence) OR noindex if low-impression",
/guides/how-to-use-peptides-for-tennis-performance,guides,how-to-use-peptides-for-tennis-performance,dosing-protocol,"rewrite (strip administration → what-it-is/evidence) OR noindex if low-impression",
/guides/how-to-use-peptides-for-sprinting-speed,guides,how-to-use-peptides-for-sprinting-speed,dosing-protocol,"rewrite (strip administration → what-it-is/evidence) OR noindex if low-impression",
/guides/how-to-use-peptides-for-triathlon-training,guides,how-to-use-peptides-for-triathlon-training,dosing-protocol,"rewrite (strip administration → what-it-is/evidence) OR noindex if low-impression",
/guides/how-to-use-peptides-for-hybrid-athlete-training,guides,how-to-use-peptides-for-hybrid-athlete-training,dosing-protocol,"rewrite (strip administration → what-it-is/evidence) OR noindex if low-impression",
/guides/how-to-combine-bpc-157-and-tb-500,guides,how-to-combine-bpc-157-and-tb-500,dosing-protocol,"rewrite (strip administration → what-it-is/evidence) OR noindex if low-impression",
/guides/how-to-stack-gh-secretagogues-safely,guides,how-to-stack-gh-secretagogues-safely,dosing-protocol,"rewrite (strip administration → what-it-is/evidence) OR noindex if low-impression",
/guides/how-to-minimize-peptide-injection-side-effects,guides,how-to-minimize-peptide-injection-side-effects,dosing-protocol,"rewrite (strip administration → what-it-is/evidence) OR noindex if low-impression",
/guides/how-to-rotate-injection-sites-properly,guides,how-to-rotate-injection-sites-properly,dosing-protocol,"rewrite (strip administration → what-it-is/evidence) OR noindex if low-impression",
/guides/how-to-dose-peptides-by-body-weight,guides,how-to-dose-peptides-by-body-weight,dosing-protocol,"rewrite (strip administration → what-it-is/evidence) OR noindex if low-impression",
/guides/how-to-choose-between-peptide-vendors,guides,how-to-choose-between-peptide-vendors,dosing-protocol,"rewrite (strip administration → what-it-is/evidence) OR noindex if low-impression",
/guides/how-to-verify-peptide-purity-using-coas,guides,how-to-verify-peptide-purity-using-coas,benign,"keep",
/guides/how-to-taper-off-peptides-after-a-cycle,guides,how-to-taper-off-peptides-after-a-cycle,benign,"keep",
/guides/how-to-maintain-results-post-peptide-cycle,guides,how-to-maintain-results-post-peptide-cycle,dosing-protocol,"rewrite (strip administration → what-it-is/evidence) OR noindex if low-impression",
/guides/how-to-combine-peptides-with-diet-and-exercise,guides,how-to-combine-peptides-with-diet-and-exercise,dosing-protocol,"rewrite (strip administration → what-it-is/evidence) OR noindex if low-impression",
/guides/how-to-combine-peptides-with-trt,guides,how-to-combine-peptides-with-trt,dosing-protocol,"rewrite (strip administration → what-it-is/evidence) OR noindex if low-impression",
/guides/how-to-time-peptides-around-workouts,guides,how-to-time-peptides-around-workouts,dosing-protocol,"rewrite (strip administration → what-it-is/evidence) OR noindex if low-impression",
/guides/how-to-identify-and-avoid-peptide-scams,guides,how-to-identify-and-avoid-peptide-scams,benign,"keep",
/guides/how-to-spot-counterfeit-or-low-quality-peptides,guides,how-to-spot-counterfeit-or-low-quality-peptides,dosing-protocol,"rewrite (strip administration → what-it-is/evidence) OR noindex if low-impression",
/guides/how-to-travel-with-peptides-internationally,guides,how-to-travel-with-peptides-internationally,dosing-protocol,"rewrite (strip administration → what-it-is/evidence) OR noindex if low-impression",
/guides/how-to-safely-dispose-of-peptide-syringes,guides,how-to-safely-dispose-of-peptide-syringes,dosing-protocol,"rewrite (strip administration → what-it-is/evidence) OR noindex if low-impression",
/guides/how-to-read-and-understand-a-peptide-coa,guides,how-to-read-and-understand-a-peptide-coa,benign,"keep",
/for/brain-fog,for,brain-fog,dosing-protocol,"rewrite (strip administration → what-it-is/evidence) OR noindex if low-impression",
/for/leaky-gut,for,leaky-gut,dosing-protocol,"rewrite (strip administration → what-it-is/evidence) OR noindex if low-impression",
/for/joint-pain,for,joint-pain,dosing-protocol,"rewrite (strip administration → what-it-is/evidence) OR noindex if low-impression",
/for/low-testosterone,for,low-testosterone,dosing-protocol,"rewrite (strip administration → what-it-is/evidence) OR noindex if low-impression",
/for/anxiety,for,anxiety,dosing-protocol,"rewrite (strip administration → what-it-is/evidence) OR noindex if low-impression",
/for/poor-sleep,for,poor-sleep,dosing-protocol,"rewrite (strip administration → what-it-is/evidence) OR noindex if low-impression",
/for/tendinopathy,for,tendinopathy,dosing-protocol,"rewrite (strip administration → what-it-is/evidence) OR noindex if low-impression",
/for/chronic-fatigue,for,chronic-fatigue,dosing-protocol,"rewrite (strip administration → what-it-is/evidence) OR noindex if low-impression",
/for/depression,for,depression,dosing-protocol,"rewrite (strip administration → what-it-is/evidence) OR noindex if low-impression",
/for/osteoporosis,for,osteoporosis,dosing-protocol,"rewrite (strip administration → what-it-is/evidence) OR noindex if low-impression",
/for/erectile-dysfunction,for,erectile-dysfunction,dosing-protocol,"rewrite (strip administration → what-it-is/evidence) OR noindex if low-impression",
/for/hair-loss,for,hair-loss,dosing-protocol,"rewrite (strip administration → what-it-is/evidence) OR noindex if low-impression",
/for/skin-aging,for,skin-aging,dosing-protocol,"rewrite (strip administration → what-it-is/evidence) OR noindex if low-impression",
/for/obesity,for,obesity,dosing-protocol,"rewrite (strip administration → what-it-is/evidence) OR noindex if low-impression",
/for/type-2-diabetes,for,type-2-diabetes,dosing-protocol,"rewrite (strip administration → what-it-is/evidence) OR noindex if low-impression",
/for/cognitive-decline,for,cognitive-decline,dosing-protocol,"rewrite (strip administration → what-it-is/evidence) OR noindex if low-impression",
/for/wound-healing,for,wound-healing,dosing-protocol,"rewrite (strip administration → what-it-is/evidence) OR noindex if low-impression",
/for/autoimmune-disease,for,autoimmune-disease,dosing-protocol,"rewrite (strip administration → what-it-is/evidence) OR noindex if low-impression",
/for/insomnia,for,insomnia,dosing-protocol,"rewrite (strip administration → what-it-is/evidence) OR noindex if low-impression",
/for/perimenopause,for,perimenopause,condition-targeting,"rewrite (educational, no protocol) OR noindex",
/for/pcos,for,pcos,benign,"keep",
/for/lyme-disease,for,lyme-disease,condition-targeting,"rewrite (educational, no protocol) OR noindex",
/for/adhd,for,adhd,benign,"keep",
/for/irritable-bowel-syndrome,for,irritable-bowel-syndrome,condition-targeting,"rewrite (educational, no protocol) OR noindex",
/for/hashimotos-thyroiditis,for,hashimotos-thyroiditis,benign,"keep",
/for/women-over-40,for,women-over-40,benign,"keep",
/for/men-over-50,for,men-over-50,benign,"keep",
/for/osteoarthritis,for,osteoarthritis,benign,"keep",
/for/chronic-fatigue-syndrome,for,chronic-fatigue-syndrome,condition-targeting,"rewrite (educational, no protocol) OR noindex",
/for/arthritis,for,arthritis,dosing-protocol,"rewrite (strip administration → what-it-is/evidence) OR noindex if low-impression",
/for/diabetes,for,diabetes,dosing-protocol,"rewrite (strip administration → what-it-is/evidence) OR noindex if low-impression",
/for/alzheimers,for,alzheimers,dosing-protocol,"rewrite (strip administration → what-it-is/evidence) OR noindex if low-impression",
/for/parkinsons,for,parkinsons,dosing-protocol,"rewrite (strip administration → what-it-is/evidence) OR noindex if low-impression",
/for/multiple-sclerosis,for,multiple-sclerosis,dosing-protocol,"rewrite (strip administration → what-it-is/evidence) OR noindex if low-impression",
/for/fibromyalgia,for,fibromyalgia,dosing-protocol,"rewrite (strip administration → what-it-is/evidence) OR noindex if low-impression",
/for/lyme-disease,for,lyme-disease,dosing-protocol,"rewrite (strip administration → what-it-is/evidence) OR noindex if low-impression",
/for/hashimotos,for,hashimotos,dosing-protocol,"rewrite (strip administration → what-it-is/evidence) OR noindex if low-impression",
/for/graves-disease,for,graves-disease,dosing-protocol,"rewrite (strip administration → what-it-is/evidence) OR noindex if low-impression",
/for/lupus,for,lupus,dosing-protocol,"rewrite (strip administration → what-it-is/evidence) OR noindex if low-impression",
/for/psoriasis,for,psoriasis,dosing-protocol,"rewrite (strip administration → what-it-is/evidence) OR noindex if low-impression",
/for/eczema,for,eczema,dosing-protocol,"rewrite (strip administration → what-it-is/evidence) OR noindex if low-impression",
/for/rosacea,for,rosacea,dosing-protocol,"rewrite (strip administration → what-it-is/evidence) OR noindex if low-impression",
/for/acne,for,acne,dosing-protocol,"rewrite (strip administration → what-it-is/evidence) OR noindex if low-impression",
/for/melasma,for,melasma,dosing-protocol,"rewrite (strip administration → what-it-is/evidence) OR noindex if low-impression",
/for/alopecia-areata,for,alopecia-areata,dosing-protocol,"rewrite (strip administration → what-it-is/evidence) OR noindex if low-impression",
/for/telogen-effluvium,for,telogen-effluvium,dosing-protocol,"rewrite (strip administration → what-it-is/evidence) OR noindex if low-impression",
/for/macular-degeneration,for,macular-degeneration,dosing-protocol,"rewrite (strip administration → what-it-is/evidence) OR noindex if low-impression",
/for/glaucoma,for,glaucoma,dosing-protocol,"rewrite (strip administration → what-it-is/evidence) OR noindex if low-impression",
/for/cataracts,for,cataracts,dosing-protocol,"rewrite (strip administration → what-it-is/evidence) OR noindex if low-impression",
/for/tinnitus,for,tinnitus,dosing-protocol,"rewrite (strip administration → what-it-is/evidence) OR noindex if low-impression",
/for/vertigo,for,vertigo,dosing-protocol,"rewrite (strip administration → what-it-is/evidence) OR noindex if low-impression",
/for/neuropathy,for,neuropathy,dosing-protocol,"rewrite (strip administration → what-it-is/evidence) OR noindex if low-impression",
/for/sciatica,for,sciatica,dosing-protocol,"rewrite (strip administration → what-it-is/evidence) OR noindex if low-impression",
/for/carpal-tunnel,for,carpal-tunnel,dosing-protocol,"rewrite (strip administration → what-it-is/evidence) OR noindex if low-impression",
/for/plantar-fasciitis,for,plantar-fasciitis,dosing-protocol,"rewrite (strip administration → what-it-is/evidence) OR noindex if low-impression",
/for/tennis-elbow,for,tennis-elbow,dosing-protocol,"rewrite (strip administration → what-it-is/evidence) OR noindex if low-impression",
/for/golfers-elbow,for,golfers-elbow,dosing-protocol,"rewrite (strip administration → what-it-is/evidence) OR noindex if low-impression",
/for/rotator-cuff-tear,for,rotator-cuff-tear,dosing-protocol,"rewrite (strip administration → what-it-is/evidence) OR noindex if low-impression",
/for/achilles-tendinopathy,for,achilles-tendinopathy,dosing-protocol,"rewrite (strip administration → what-it-is/evidence) OR noindex if low-impression",
/for/patellar-tendinopathy,for,patellar-tendinopathy,dosing-protocol,"rewrite (strip administration → what-it-is/evidence) OR noindex if low-impression",
/for/meniscus-tear,for,meniscus-tear,dosing-protocol,"rewrite (strip administration → what-it-is/evidence) OR noindex if low-impression",
/for/acl-tear,for,acl-tear,dosing-protocol,"rewrite (strip administration → what-it-is/evidence) OR noindex if low-impression",
/for/mcl-tear,for,mcl-tear,dosing-protocol,"rewrite (strip administration → what-it-is/evidence) OR noindex if low-impression",
/for/spinal-disc-herniation,for,spinal-disc-herniation,dosing-protocol,"rewrite (strip administration → what-it-is/evidence) OR noindex if low-impression",
/for/degenerative-disc-disease,for,degenerative-disc-disease,dosing-protocol,"rewrite (strip administration → what-it-is/evidence) OR noindex if low-impression",
/for/osteopenia,for,osteopenia,dosing-protocol,"rewrite (strip administration → what-it-is/evidence) OR noindex if low-impression",
/for/sarcopenia,for,sarcopenia,dosing-protocol,"rewrite (strip administration → what-it-is/evidence) OR noindex if low-impression",
/for/cachexia,for,cachexia,dosing-protocol,"rewrite (strip administration → what-it-is/evidence) OR noindex if low-impression",
/for/anorexia,for,anorexia,dosing-protocol,"rewrite (strip administration → what-it-is/evidence) OR noindex if low-impression",
/for/bulimia,for,bulimia,dosing-protocol,"rewrite (strip administration → what-it-is/evidence) OR noindex if low-impression",
/for/binge-eating-disorder,for,binge-eating-disorder,dosing-protocol,"rewrite (strip administration → what-it-is/evidence) OR noindex if low-impression",
/for/adhd,for,adhd,dosing-protocol,"rewrite (strip administration → what-it-is/evidence) OR noindex if low-impression",
/for/add,for,add,dosing-protocol,"rewrite (strip administration → what-it-is/evidence) OR noindex if low-impression",
/for/autism,for,autism,dosing-protocol,"rewrite (strip administration → what-it-is/evidence) OR noindex if low-impression",
/for/bipolar-disorder,for,bipolar-disorder,dosing-protocol,"rewrite (strip administration → what-it-is/evidence) OR noindex if low-impression",
/for/schizophrenia,for,schizophrenia,dosing-protocol,"rewrite (strip administration → what-it-is/evidence) OR noindex if low-impression",
/for/ocd,for,ocd,dosing-protocol,"rewrite (strip administration → what-it-is/evidence) OR noindex if low-impression",
/for/tourettes,for,tourettes,dosing-protocol,"rewrite (strip administration → what-it-is/evidence) OR noindex if low-impression",
/for/post-covid-fatigue,for,post-covid-fatigue,dosing-protocol,"rewrite (strip administration → what-it-is/evidence) OR noindex if low-impression",
/for/long-covid-brain-fog,for,long-covid-brain-fog,dosing-protocol,"rewrite (strip administration → what-it-is/evidence) OR noindex if low-impression",
/for/vaccine-injury-recovery,for,vaccine-injury-recovery,dosing-protocol,"rewrite (strip administration → what-it-is/evidence) OR noindex if low-impression",
/for/mold-toxicity,for,mold-toxicity,dosing-protocol,"rewrite (strip administration → what-it-is/evidence) OR noindex if low-impression",
/for/heavy-metal-toxicity,for,heavy-metal-toxicity,dosing-protocol,"rewrite (strip administration → what-it-is/evidence) OR noindex if low-impression",
/for/canine-arthritis,for,canine-arthritis,dosing-protocol,"rewrite (strip administration → what-it-is/evidence) OR noindex if low-impression",
/for/feline-kidney-disease,for,feline-kidney-disease,dosing-protocol,"rewrite (strip administration → what-it-is/evidence) OR noindex if low-impression",
/for/crossfit-performance-and-recovery,for,crossfit-performance-and-recovery,dosing-protocol,"rewrite (strip administration → what-it-is/evidence) OR noindex if low-impression",
/for/running-performance-and-recovery,for,running-performance-and-recovery,dosing-protocol,"rewrite (strip administration → what-it-is/evidence) OR noindex if low-impression",
/for/weightlifting-performance-and-recovery,for,weightlifting-performance-and-recovery,dosing-protocol,"rewrite (strip administration → what-it-is/evidence) OR noindex if low-impression",
/for/bjj-martial-arts-recovery,for,bjj-martial-arts-recovery,dosing-protocol,"rewrite (strip administration → what-it-is/evidence) OR noindex if low-impression",
/for/swimming-performance-and-recovery,for,swimming-performance-and-recovery,dosing-protocol,"rewrite (strip administration → what-it-is/evidence) OR noindex if low-impression",
/for/cycling-performance-and-recovery,for,cycling-performance-and-recovery,dosing-protocol,"rewrite (strip administration → what-it-is/evidence) OR noindex if low-impression",
/for/soccer-performance-and-recovery,for,soccer-performance-and-recovery,dosing-protocol,"rewrite (strip administration → what-it-is/evidence) OR noindex if low-impression",
/for/rugby-performance-and-recovery,for,rugby-performance-and-recovery,dosing-protocol,"rewrite (strip administration → what-it-is/evidence) OR noindex if low-impression",
/for/metabolic-syndrome,for,metabolic-syndrome,dosing-protocol,"rewrite (strip administration → what-it-is/evidence) OR noindex if low-impression",
/for/non-alcoholic-fatty-liver-disease,for,non-alcoholic-fatty-liver-disease,dosing-protocol,"rewrite (strip administration → what-it-is/evidence) OR noindex if low-impression",
/for/pre-diabetes,for,pre-diabetes,dosing-protocol,"rewrite (strip administration → what-it-is/evidence) OR noindex if low-impression",
/for/insulin-resistance,for,insulin-resistance,dosing-protocol,"rewrite (strip administration → what-it-is/evidence) OR noindex if low-impression",
/for/chronic-inflammation-systemic,for,chronic-inflammation-systemic,dosing-protocol,"rewrite (strip administration → what-it-is/evidence) OR noindex if low-impression",
/for/dyslipidemia-high-cholesterol,for,dyslipidemia-high-cholesterol,dosing-protocol,"rewrite (strip administration → what-it-is/evidence) OR noindex if low-impression",
/for/hypertension-high-blood-pressure,for,hypertension-high-blood-pressure,dosing-protocol,"rewrite (strip administration → what-it-is/evidence) OR noindex if low-impression",
/for/adult-onset-obesity,for,adult-onset-obesity,dosing-protocol,"rewrite (strip administration → what-it-is/evidence) OR noindex if low-impression",
/for/sibo-small-intestinal-bacterial-overgrowth,for,sibo-small-intestinal-bacterial-overgrowth,dosing-protocol,"rewrite (strip administration → what-it-is/evidence) OR noindex if low-impression",
/for/candida-overgrowth,for,candida-overgrowth,dosing-protocol,"rewrite (strip administration → what-it-is/evidence) OR noindex if low-impression",
/for/intestinal-dysbiosis,for,intestinal-dysbiosis,dosing-protocol,"rewrite (strip administration → what-it-is/evidence) OR noindex if low-impression",
/for/histamine-intolerance-mcas,for,histamine-intolerance-mcas,dosing-protocol,"rewrite (strip administration → what-it-is/evidence) OR noindex if low-impression",
/for/adrenal-fatigue-hpa-axis-dysfunction,for,adrenal-fatigue-hpa-axis-dysfunction,dosing-protocol,"rewrite (strip administration → what-it-is/evidence) OR noindex if low-impression",
/for/chronic-stress-burnout,for,chronic-stress-burnout,dosing-protocol,"rewrite (strip administration → what-it-is/evidence) OR noindex if low-impression",
/for/post-partum-recovery-support,for,post-partum-recovery-support,dosing-protocol,"rewrite (strip administration → what-it-is/evidence) OR noindex if low-impression",
/for/menopausal-weight-gain,for,menopausal-weight-gain,dosing-protocol,"rewrite (strip administration → what-it-is/evidence) OR noindex if low-impression",
/for/andropause-low-testosterone-age-related,for,andropause-low-testosterone-age-related,dosing-protocol,"rewrite (strip administration → what-it-is/evidence) OR noindex if low-impression",